label,centroid_x,centroid_y,centroid_z,area,aspherity,int_0,int_1,int_2,in_plane,sample,type,x_std,y_std,z_std,rotation,int_threshold
1,4.888389513108614,185.45243445692884,481.81573033707866,1550.0,1.1380400456143223,387.3205992509363,1448.4044943820224,1096.5880149812733,False,Vsx1_3_b2,Vsx1 GOF,-0.3409786319957442,0.8320697817044937,-27.026848740518506,-100,800
2,2.7967980295566504,242.17733990147784,580.3817733990148,1033.0,1.3034923013662956,197.4667487684729,1339.371921182266,1499.6059113300494,False,Vsx1_3_b2,Vsx1 GOF,0.016461683532134064,0.650261845802528,-35.644119339066286,-100,800
3,6.577464788732394,189.2288732394366,571.5176056338029,1634.0,1.505130249779702,223.72975352112675,1632.7033450704225,1679.7887323943662,False,Vsx1_3_b2,Vsx1 GOF,-0.001795500272960382,0.8028747866328607,-30.08565904185732,-100,800
4,9.299885974914481,159.7970353477765,390.4150513112885,1106.0,1.4135392845995953,599.9190421892816,1457.527936145952,2515.765108323831,False,Vsx1_3_b2,Vsx1 GOF,-0.6794021238587988,0.9235535648693411,-17.24220906934986,-100,800
5,8.528915662650602,169.15903614457832,379.4385542168675,1175.0,1.3595077599345744,472.79397590361447,1286.444578313253,940.9409638554217,False,Vsx1_3_b2,Vsx1 GOF,-0.7237253326807306,0.8991339637400813,-17.677010494639163,-100,800
6,9.36569579288026,183.8403451995685,455.9676375404531,1189.0,1.3204894840226284,240.10355987055016,1488.066882416397,1102.4994606256741,False,Vsx1_3_b2,Vsx1 GOF,-0.43762903801118314,0.8415701621011724,-21.17653934170229,-100,800
7,9.176100628930818,225.69496855345912,464.8364779874214,562.0,1.5761374242954962,299.4842767295597,1170.2704402515724,856.5471698113207,False,Vsx1_3_b2,Vsx1 GOF,-0.4156104330496261,0.7203237472470356,-22.872614318337067,-100,800
8,11.837874659400544,223.8623978201635,459.1880108991826,1057.0,1.2788552385801202,329.1008174386921,1704.1185286103541,1416.708446866485,False,Vsx1_3_b2,Vsx1 GOF,-0.43600283662958783,0.7264864312916977,-19.876566318860714,-100,800
9,10.62550881953867,829.3514246947083,426.5074626865672,943.0,1.4276851702676803,257.0271370420624,1753.5101763907735,1972.0936227951154,False,Vsx1_3_b2,Vsx1 GOF,-0.7271829082114925,-0.9948453147832304,-34.538802477173135,-100,800
10,14.732394366197184,754.0334507042254,461.24295774647885,906.0,1.8374244422930766,272.5475352112676,2025.649647887324,1789.4964788732395,False,Vsx1_3_b2,Vsx1 GOF,-0.5739932464061193,-0.7872998079600955,-30.355530815527434,-100,800
11,14.723098995695839,208.21090387374463,479.0731707317073,1015.0,1.3970345031523996,239.4648493543759,1930.7317073170732,1367.051649928264,False,Vsx1_3_b2,Vsx1 GOF,-0.35578496872970133,0.766867650649891,-17.63555807418816,-100,800
12,14.48448275862069,201.6741379310345,490.0844827586207,767.0,1.328767332665925,275.5931034482759,1604.1620689655172,1525.3379310344828,False,Vsx1_3_b2,Vsx1 GOF,-0.3123012856688385,0.7832997025693216,-18.281146883269574,-100,800
13,15.499492385786802,205.0020304568528,309.5197969543147,1249.0,1.467425039410945,365.053807106599,1527.564467005076,1405.6081218274112,True,Vsx1_3_b2,Vsx1 GOF,-0.9972356160144389,0.8105114376049105,-7.989642642537554,-100,800
14,16.50429447852761,298.9950920245399,538.5938650306748,1043.0,1.3776465911984812,195.96932515337423,1247.320245398773,885.240490797546,False,Vsx1_3_b2,Vsx1 GOF,-0.15496308478930176,0.495491322977216,-21.214134640947297,-100,800
15,16.367243133265514,785.7578840284842,430.1881993896236,1251.0,1.5434627188983665,223.99084435401832,1804.3926754832146,1232.5829094608341,False,Vsx1_3_b2,Vsx1 GOF,-0.7001136576972706,-0.87164893633875,-27.906932414983988,-100,800
16,17.40638766519824,806.5077092511013,438.49339207048456,1157.0,1.4953842977617253,265.04295154185024,1506.157488986784,1348.2885462555066,False,Vsx1_3_b2,Vsx1 GOF,-0.6741726651178627,-0.9326474128941307,-27.819149543177783,-100,800
17,17.430487804878048,168.12560975609756,595.5439024390244,1049.0,1.710615572612389,285.6158536585366,1182.8073170731707,1903.2926829268292,False,Vsx1_3_b2,Vsx1 GOF,0.09713176026026793,0.8573176480312952,-19.968387614979466,-100,800
18,17.96612296110414,171.2823086574655,466.37390213299875,1070.0,1.3581788385460167,314.07779171894606,1243.2007528230865,1354.67252195734,True,Vsx1_3_b2,Vsx1 GOF,-0.3930979398758264,0.8745848241454375,-12.815751772513595,-100,800
19,20.58425196850394,177.2,455.55590551181103,885.0,1.4516966141781267,282.4188976377953,1570.3275590551182,1690.7826771653542,True,Vsx1_3_b2,Vsx1 GOF,-0.43522644456142767,0.85968490198552,-9.789132364931767,-100,800
20,19.788627935723113,768.2694684796045,459.1569839307787,1021.0,1.423484793089461,248.39678615574783,2432.5451174289246,1147.760197775031,False,Vsx1_3_b2,Vsx1 GOF,-0.5848666852751041,-0.8279200198283327,-25.55564541994527,-100,800
21,20.937354988399072,245.27610208816705,581.1113689095127,1145.0,1.707875913865227,228.1983758700696,1449.9176334106728,1523.1334106728539,False,Vsx1_3_b2,Vsx1 GOF,0.021815347952946595,0.6397799568359175,-17.648984388524084,-100,800
22,20.142265193370164,725.2085635359116,530.1961325966851,1041.0,1.758932815385303,242.37845303867402,1593.407458563536,1047.1118784530386,False,Vsx1_3_b2,Vsx1 GOF,-0.30372817514010786,-0.719526852110691,-27.808476486571887,-100,800
23,22.218823529411765,177.75764705882352,493.84470588235297,1126.0,1.6219223993929335,289.8776470588235,2472.6988235294116,1006.2023529411765,True,Vsx1_3_b2,Vsx1 GOF,-0.28998335827824795,0.8501571980440195,-10.156313817285376,-100,800
24,21.982394366197184,184.39084507042253,553.4753521126761,856.0,1.5704989587981801,505.0792253521127,1686.7570422535211,1171.2570422535211,True,Vsx1_3_b2,Vsx1 GOF,-0.0659023185994212,0.8190944710802748,-13.64984613197144,-100,800
25,23.617328519855597,321.79494584837545,764.0916967509025,1890.0,1.7570400085921318,378.6274368231047,1281.752346570397,831.3357400722022,False,Vsx1_3_b2,Vsx1 GOF,0.6945671273191907,0.38388680599654545,-26.374225648455898,-100,800
26,23.37037037037037,157.03240740740742,529.2098765432099,811.0,1.3784546243637241,585.8626543209876,1316.3935185185185,1978.7438271604938,True,Vsx1_3_b2,Vsx1 GOF,-0.15003635032788798,0.90200711464574,-10.321754616300945,-100,800
27,23.756782945736433,167.83527131782947,530.0717054263566,1411.0,1.4318426613017154,707.2228682170543,1687.3052325581396,1579.0581395348838,True,Vsx1_3_b2,Vsx1 GOF,-0.14967886090889293,0.8709679650242901,-10.250896479402545,-100,800
28,22.54635761589404,182.60264900662253,522.274834437086,1147.0,1.5077196678176477,264.0905077262693,1602.0805739514349,1130.8741721854306,True,Vsx1_3_b2,Vsx1 GOF,-0.1835289212765453,0.8305093727883415,-11.424487428225575,-100,800
29,25.874429223744293,757.2751141552511,433.23744292237444,1183.0,1.5058297072959277,248.3173515981735,1922.9691780821918,1447.5296803652968,False,Vsx1_3_b2,Vsx1 GOF,-0.6788929318483814,-0.7917597596367215,-17.86110810696625,-100,800
30,24.478709677419356,141.96129032258065,571.1767741935483,1074.0,1.5002453920595997,282.40516129032255,1469.3212903225806,1636.2787096774193,True,Vsx1_3_b2,Vsx1 GOF,0.01335765472513506,0.936378271405232,-11.014036586714965,-100,800
31,25.40223463687151,176.95670391061452,486.0670391061453,1022.0,1.4824177513962793,492.47346368715085,2304.483240223464,1838.2458100558658,True,Vsx1_3_b2,Vsx1 GOF,-0.31862956362713146,0.8537666107403399,-6.554910799628544,-100,800
32,24.856980703745744,266.483541430193,725.4120317820658,1168.0,1.4346205169510498,234.62429057888764,1338.978433598184,883.4744608399546,False,Vsx1_3_b2,Vsx1 GOF,0.5635006557209234,0.5495276638484841,-21.747665445407833,-100,800
33,26.898617511520737,118.37442396313364,588.3410138248848,1345.0,1.406718707034526,503.426267281106,1300.2880184331798,1017.2062211981566,True,Vsx1_3_b2,Vsx1 GOF,0.08536702585720413,1.0,-8.898004327024676,-100,800
34,25.31556039173014,252.7442872687704,546.791077257889,1134.0,1.3987709986645183,219.2752992383025,1761.701849836779,968.1969532100109,True,Vsx1_3_b2,Vsx1 GOF,-0.10946348011344076,0.6250993466770125,-11.685509752555058,-100,800
35,27.125296912114013,677.8212589073635,510.957244655582,2320.0,1.7547184317104816,315.87173396674586,1421.7612826603327,976.686460807601,False,Vsx1_3_b2,Vsx1 GOF,-0.3622248403661549,-0.5809345711780449,-18.654192878057767,-100,800
36,24.772216547497447,178.45863125638405,567.8304392236977,1287.0,1.5959265520379007,280.8610827374872,1310.5628192032686,1105.8549540347294,True,Vsx1_3_b2,Vsx1 GOF,-0.009340021858756486,0.8328711415986307,-11.460500004705523,-100,800
37,26.54368932038835,165.39441747572815,500.65291262135923,1019.0,1.3640880303688618,299.08373786407765,1833.3288834951456,2154.5740291262136,True,Vsx1_3_b2,Vsx1 GOF,-0.2599518294897333,0.8837000332989375,-5.882328632447837,-100,800
38,26.49009900990099,267.5693069306931,736.7376237623762,1034.0,1.3924376774030893,230.0878712871287,939.6299504950495,1000.7289603960396,False,Vsx1_3_b2,Vsx1 GOF,0.6064267986869469,0.5439870014595003,-20.731593792870328,-100,800
39,26.04383116883117,774.4334415584416,577.0730519480519,773.0,1.5640409139378701,491.4902597402597,2188.116883116883,2001.698051948052,False,Vsx1_3_b2,Vsx1 GOF,-0.138564329961942,-0.8700530888415138,-25.57839553141729,-100,800
40,27.170013386880857,798.9156626506024,387.0214190093708,1038.0,1.5382909155925584,245.35341365461846,1965.3199464524766,1479.3734939759036,False,Vsx1_3_b2,Vsx1 GOF,-0.8652647428863965,-0.901292679735039,-15.21322192656584,-100,800
41,28.485776805251643,341.82275711159735,579.6039387308534,746.0,1.6230943416778316,188.56892778993435,1721.975929978118,1386.3807439824946,True,Vsx1_3_b2,Vsx1 GOF,-0.009110310783522646,0.3639193357901389,-12.450025670491842,-100,800
42,27.60888252148997,693.7893982808023,500.3510028653295,877.0,1.4509561923409249,271.31805157593124,2487.0816618911176,1039.051575931232,False,Vsx1_3_b2,Vsx1 GOF,-0.4067301415561584,-0.6243867991007375,-18.02096620029551,-100,800
43,27.474184782608695,815.8383152173913,403.78125,947.0,1.5606090575142486,242.91032608695653,1783.4809782608695,865.1684782608696,False,Vsx1_3_b2,Vsx1 GOF,-0.806370084029731,-0.9530306826827937,-16.201790313913264,-100,800
44,29.238636363636363,145.80555555555554,575.0214646464647,1057.0,1.7045410791973987,292.6426767676768,871.0290404040404,802.8421717171717,True,Vsx1_3_b2,Vsx1 GOF,0.027768966340060874,0.9242324019918504,-6.5574955601388165,-100,800
45,29.436477987421384,378.0503144654088,748.0993710691824,1037.0,1.311578992582696,198.85911949685536,1457.296855345912,1109.759748427673,False,Vsx1_3_b2,Vsx1 GOF,0.6195462999965524,0.2261126622507177,-21.1428183289314,-100,800
46,27.942857142857143,717.6857142857143,469.6945054945055,694.0,1.5854436173905393,243.97362637362636,1809.2681318681318,1341.246153846154,False,Vsx1_3_b2,Vsx1 GOF,-0.529427873135127,-0.6863685186313471,-16.69591364863603,-100,800
47,28.53731343283582,750.2618724559023,628.842605156038,945.0,1.3591217944189562,262.70420624151967,1588.1872455902308,1616.8195386702848,False,Vsx1_3_b2,Vsx1 GOF,0.06474930367191822,-0.8118200322842566,-25.168406333275048,-100,800
48,30.21189189189189,788.7037837837838,376.5427027027027,1278.0,1.353987589398181,244.17837837837837,2092.8432432432433,1579.8464864864866,True,Vsx1_3_b2,Vsx1 GOF,-0.9015754197722614,-0.8702620693588843,-11.377667113499038,-100,800
49,30.819867549668874,173.63708609271524,493.6649006622517,980.0,1.3260101592049707,323.8543046357616,2085.1774834437088,2344.8331125827813,True,Vsx1_3_b2,Vsx1 GOF,-0.28789436742344987,0.8612479933058772,-1.4571349184405693,-100,800
50,30.076059850374065,690.2057356608478,514.2406483790523,977.0,1.402147607227133,291.3790523690773,1900.2506234413966,2706.622194513716,False,Vsx1_3_b2,Vsx1 GOF,-0.35264098669944266,-0.6171916613543951,-16.188347605276874,-100,800
51,30.102994011976048,765.7377245508982,570.8323353293413,1086.0,1.3548396917653718,274.0287425149701,1621.5640718562875,993.7101796407186,False,Vsx1_3_b2,Vsx1 GOF,-0.15904138802254542,-0.8442967408716419,-20.984890029908,-100,800
52,30.23695345557123,771.9224259520452,479.2496473906911,888.0,1.482026021770383,306.3046544428773,1266.700987306065,849.1918194640339,False,Vsx1_3_b2,Vsx1 GOF,-0.5077545612163312,-0.8432976612794334,-16.257733102259685,-100,800
53,31.047680412371133,265.8930412371134,724.7925257731958,1142.0,1.495388505378432,241.52963917525773,1480.1829896907216,1927.3646907216496,False,Vsx1_3_b2,Vsx1 GOF,0.5624915637417673,0.5508309917726428,-15.520341504726987,-100,800
54,32.20281456953642,718.6258278145696,471.15314569536423,1731.0,1.8461113094751889,266.5422185430464,1690.2301324503312,868.6796357615895,True,Vsx1_3_b2,Vsx1 GOF,-0.5233513370391789,-0.6896985791114056,-12.542160516757958,-100,800
55,31.830393487109905,172.1438263229308,504.9484396200814,1036.0,1.3726468474836473,335.48710990502036,2005.9755766621438,1839.3161465400271,True,Vsx1_3_b2,Vsx1 GOF,-0.24453397556926715,0.8631276545968223,-0.9959290842901571,-100,800
56,32.84221748400853,262.7046908315565,738.13539445629,1186.0,1.5462098508084612,240.5362473347548,1377.4115138592751,1930.2803837953093,False,Vsx1_3_b2,Vsx1 GOF,0.6142720152450636,0.5570645265986494,-14.340788668542917,-100,800
57,31.900479616306953,704.8860911270983,536.2374100719425,1022.0,1.4470123228388287,455.5275779376499,2042.6666666666667,970.6139088729017,False,Vsx1_3_b2,Vsx1 GOF,-0.2729946612345169,-0.663721969727632,-15.874607880945685,-100,800
58,34.23263027295285,720.1705955334987,460.3672456575682,2255.0,1.8128728079774685,273.13709677419354,1960.4119106699752,878.7158808933002,True,Vsx1_3_b2,Vsx1 GOF,-0.5642629970987582,-0.6920762415483303,-9.995154926763385,-100,800
59,33.22592152199762,143.78002378121283,546.1248513674198,1020.0,1.2235445893855046,252.31985731272295,1688.7657550535077,1302.781212841855,True,Vsx1_3_b2,Vsx1 GOF,-0.08041203918735562,0.9355741777857316,-1.0280011649600158,-100,800
60,32.875,180.7637195121951,628.0518292682926,850.0,1.4369824867522838,450.6021341463415,1286.467987804878,1002.329268292683,True,Vsx1_3_b2,Vsx1 GOF,0.21975739814267703,0.813356045436652,-6.551008173669452,-100,800
61,32.351552795031054,765.0223602484472,632.2844720496894,971.0,1.2816659791226623,262.8223602484472,1595.0484472049689,1714.783850931677,False,Vsx1_3_b2,Vsx1 GOF,0.07444178562970194,-0.854961530777272,-21.90816756997278,-100,800
62,33.24030037546934,197.50938673341676,556.5969962453066,1005.0,1.4303316952690168,269.20275344180226,2222.1439299123904,1448.6983729662077,True,Vsx1_3_b2,Vsx1 GOF,-0.05555676862060499,0.7800933255509281,-2.900608840064367,-100,800
63,33.11022576361222,255.9760956175299,693.6294820717131,1220.0,1.408426819541681,250.85524568393095,1718.843293492696,1537.9774236387782,True,Vsx1_3_b2,Vsx1 GOF,0.44753501826624764,0.5853150171907258,-11.597489127153818,-100,800
64,34.02477477477478,344.0135135135135,720.2950450450451,1130.0,1.4401656780505294,215.6036036036036,1609.3997747747749,1062.6407657657658,False,Vsx1_3_b2,Vsx1 GOF,0.5244534604858551,0.32854399998571204,-14.269181988263878,-100,800
65,36.52282768777614,430.9160530191458,773.3181148748159,1190.0,1.5357835520763767,189.559646539028,1328.5949926362298,940.8306332842416,False,Vsx1_3_b2,Vsx1 GOF,0.7018615223680129,0.06951120393577592,-16.698119920007972,-100,800
66,33.858024691358025,684.1530864197531,507.8,1040.0,1.3625191116900057,271.79753086419754,1754.358024691358,1800.6962962962964,True,Vsx1_3_b2,Vsx1 GOF,-0.3746577553559908,-0.5989152413804191,-11.92733086033647,-100,800
67,33.06970849176172,733.5373891001267,471.78833967046893,992.0,1.6083694613235375,288.9885931558935,2428.319391634981,1905.3764258555134,True,Vsx1_3_b2,Vsx1 GOF,-0.5248953981779404,-0.7324573832281247,-12.08264624180016,-100,800
68,34.333333333333336,755.9561752988047,569.2948207171315,912.0,1.3218864321182564,279.3784860557769,1956.5776892430279,1289.4329349269588,False,Vsx1_3_b2,Vsx1 GOF,-0.1613645490850718,-0.8164137899507227,-16.437168740565284,-100,800
69,34.831121833534375,133.9155609167672,572.8178528347406,1106.0,1.4012135754865869,610.8902291917974,1380.0482509047044,1703.7189384800965,True,Vsx1_3_b2,Vsx1 GOF,0.023762337392085886,0.9581568467395061,-0.5626104331822266,-100,800
70,35.748717948717946,175.20897435897436,329.3551282051282,951.0,1.3211668491723612,268.60128205128206,1243.5576923076924,1067.5410256410257,True,Vsx1_3_b2,Vsx1 GOF,-0.9100066608698777,0.8898379302285939,11.942905957066447,-100,800
71,34.19796954314721,698.9661590524535,507.4906937394247,851.0,1.509501629855671,292.414551607445,1489.4365482233502,1036.1438240270727,True,Vsx1_3_b2,Vsx1 GOF,-0.37985365118935366,-0.6411572382390178,-11.942460317212618,-100,800
72,35.28199320498301,756.5492638731597,489.39637599094,1158.0,1.5388413084668975,273.7078142695357,1550.9671574178935,1323.4484711211778,True,Vsx1_3_b2,Vsx1 GOF,-0.46410499232041424,-0.8019037556393945,-11.362561732350427,-100,800
73,34.663615560640736,774.2025171624714,391.9885583524027,1070.0,1.4272711637703113,265.51029748283753,1353.5766590389017,1129.3203661327232,True,Vsx1_3_b2,Vsx1 GOF,-0.8381993149554896,-0.8323876651039431,-7.371372966670979,-100,800
74,35.09090909090909,774.009828009828,471.48402948402946,1033.0,1.4422371038898851,276.06756756756755,2054.299754299754,1360.2383292383292,True,Vsx1_3_b2,Vsx1 GOF,-0.5368351102967881,-0.8480713005945678,-11.061431849803109,-100,800
75,36.344638949671776,339.5054704595186,643.6487964989059,1393.0,1.8101782067247836,235.94857768052518,1366.3774617067834,2343.8687089715536,True,Vsx1_3_b2,Vsx1 GOF,0.23570472390206287,0.35683761730304075,-7.866651402153421,-100,800
76,35.978967495219884,134.0,583.9330783938815,665.0,1.3701065524875229,341.1147227533461,1942.506692160612,1171.4455066921605,True,Vsx1_3_b2,Vsx1 GOF,0.0660755731022904,0.9555567144195081,0.004947785389376236,-100,800
77,36.50817757009346,139.94042056074767,497.8411214953271,1106.0,1.4645893006541704,310.9567757009346,1585.1518691588785,1463.8294392523364,True,Vsx1_3_b2,Vsx1 GOF,-0.26168926530606074,0.9561017078020657,4.848142162626107,-100,800
78,36.78417266187051,267.36073997944504,728.3422404933197,1183.0,1.3852485250299647,225.16649537512848,962.4080164439877,946.4758478931141,True,Vsx1_3_b2,Vsx1 GOF,0.5766264796630138,0.5454478765227107,-10.01411173607924,-100,800
79,37.25989672977625,634.1110154905335,493.5722891566265,1511.0,1.3813107481804177,530.0206540447505,1181.4896729776249,1284.6635111876076,True,Vsx1_3_b2,Vsx1 GOF,-0.4141129411593424,-0.4534732667724457,-6.541665867335242,-100,800
80,37.74970484061393,674.5265643447461,574.0035419126328,1069.0,1.2635717951378804,269.68595041322317,1673.258559622196,801.8606847697757,True,Vsx1_3_b2,Vsx1 GOF,-0.12039877388588904,-0.5852502887223615,-11.233638345164504,-100,800
81,36.10981697171381,716.5707154742097,508.03826955074874,754.0,1.3946327494782935,267.234608985025,1432.77537437604,829.9916805324459,True,Vsx1_3_b2,Vsx1 GOF,-0.382274583831435,-0.6916698913216441,-10.502547551374024,-100,800
82,36.558454106280195,759.4367149758455,393.343961352657,1401.0,1.4937026964537092,261.4,1597.1980676328503,1810.2772946859902,True,Vsx1_3_b2,Vsx1 GOF,-0.828628210954003,-0.7906772012555401,-5.1805834846878644,-100,800
83,36.50425531914894,772.586170212766,483.45851063829787,1154.0,1.6283852821207963,361.2744680851064,1921.504255319149,2099.1117021276596,True,Vsx1_3_b2,Vsx1 GOF,-0.4907992791106144,-0.8465641459969394,-10.235636851546387,-100,800
84,35.95809248554913,794.1170520231213,412.71676300578036,1010.0,1.8760850026112976,325.0751445086705,2257.9479768786127,1474.692196531792,True,Vsx1_3_b2,Vsx1 GOF,-0.7649051432709555,-0.8935545414902684,-7.651860818318427,-100,800
85,37.33782129742962,824.0673194614443,393.6499388004896,1034.0,1.4433197498394572,392.76132190942474,2059.827417380661,1230.2753977968175,True,Vsx1_3_b2,Vsx1 GOF,-0.8451587923065368,-0.9752619213222223,-6.03509650223105,-100,800
86,38.135470527404344,153.11789038262668,617.9296794208893,1288.0,1.4371177386967604,283.6421923474664,2177.4839710444676,806.081695966908,True,Vsx1_3_b2,Vsx1 GOF,0.19003083920584585,0.8938890745823378,-0.08291900316191159,-100,800
87,37.96305732484076,158.76942675159236,515.487898089172,970.0,1.4523836430542068,675.5146496815287,1703.08025477707,1552.9464968152865,True,Vsx1_3_b2,Vsx1 GOF,-0.19974139994748397,0.8986476978670788,4.914702949040059,-100,800
88,38.175925925925924,285.64300411522635,677.4722222222222,1213.0,1.423674284693255,275.570987654321,1055.4413580246915,833.1995884773662,True,Vsx1_3_b2,Vsx1 GOF,0.37908454689060456,0.5035208886235898,-6.444624545000197,-100,800
89,37.77906976744186,634.3627906976744,571.1453488372093,1056.0,1.3821527095195794,237.41860465116278,1850.3302325581396,2117.431395348837,True,Vsx1_3_b2,Vsx1 GOF,-0.12013850163457795,-0.47004124176366047,-10.05144786881068,-100,800
90,37.82738095238095,785.6428571428571,492.6279761904762,868.0,1.4351213403769165,298.0863095238095,2382.1041666666665,1620.5833333333333,True,Vsx1_3_b2,Vsx1 GOF,-0.459406104542311,-0.8858055137425399,-9.716709597274622,-100,800
91,39.09317585301837,800.3320209973754,421.87401574803147,1183.0,1.2706578119292473,701.5524934383202,2182.3464566929133,1994.4986876640419,True,Vsx1_3_b2,Vsx1 GOF,-0.7313259082124196,-0.9134156281113351,-5.152202768448836,-100,800
92,38.618732261116364,276.0151371807001,840.6102175969726,1545.0,1.7315683197460507,239.22800378429517,1450.79091769158,947.3718070009461,False,Vsx1_3_b2,Vsx1 GOF,1.0,0.4977208334246863,-14.219645900202632,-100,800
93,39.172413793103445,777.8965517241379,444.92857142857144,1023.0,1.431933437863468,301.38916256157637,2388.541871921182,1945.7549261083743,True,Vsx1_3_b2,Vsx1 GOF,-0.637758731969927,-0.8540881274310665,-5.7071461032601425,-100,800
94,38.755025125628144,796.3630653266332,370.07663316582915,1041.0,1.5760593034198431,252.5175879396985,1535.360552763819,866.2814070351759,True,Vsx1_3_b2,Vsx1 GOF,-0.9265690100621149,-0.8915057437382807,-2.7050608193656416,-100,800
95,40.38107098381071,300.62889165628894,736.3773349937734,1488.0,1.9615683710206928,856.6724782067248,1351.9912826899129,1168.747198007472,True,Vsx1_3_b2,Vsx1 GOF,0.5985745820432828,0.4485666449189061,-7.671957019987357,-100,800
96,41.36721068249258,635.4347181008902,796.8375370919881,2278.0,1.3031712113192688,221.70474777448072,1602.622403560831,1570.2789317507418,False,Vsx1_3_b2,Vsx1 GOF,0.7354558089354113,-0.5193835986154658,-18.197142799508878,-100,800
97,40.25765575501584,646.596620908131,554.8099260823653,1201.0,1.3112606796373905,267.0844772967265,1851.3611404435057,839.5659978880676,True,Vsx1_3_b2,Vsx1 GOF,-0.1849437730792114,-0.5018319615392968,-7.036084872697395,-100,800
98,39.89795918367347,769.7419825072886,452.70845481049565,864.0,1.4661139935535497,360.5481049562682,2215.99416909621,2300.0626822157433,True,Vsx1_3_b2,Vsx1 GOF,-0.6058902339098968,-0.832459494121979,-5.182168693176042,-100,800
99,40.532222222222224,125.20666666666666,607.9777777777778,1195.0,1.4786480824022257,251.68444444444444,1631.36,1617.1955555555555,True,Vsx1_3_b2,Vsx1 GOF,0.16047892115475748,0.9753799535439531,3.5240122273431043,-100,800
100,40.74068965517241,314.2744827586207,700.0262068965517,971.0,1.5607071936396975,394.72,1356.4137931034484,1113.5006896551724,True,Vsx1_3_b2,Vsx1 GOF,0.457132410431182,0.416999182645611,-5.769643023271316,-100,800
101,40.21315192743764,336.59297052154193,628.3378684807257,1119.0,1.5961486612557823,227.49659863945578,1487.8990929705215,1124.642857142857,True,Vsx1_3_b2,Vsx1 GOF,0.1792258148928827,0.36795228184161677,-3.1378983548494723,-100,800
102,41.65792759051186,751.1348314606741,471.87640449438203,1043.0,1.5512502527427627,333.66791510611733,2321.8389513108614,1849.1186017478153,True,Vsx1_3_b2,Vsx1 GOF,-0.527787959474942,-0.7834041885586436,-3.9534312174177124,-100,800
103,40.26593137254902,771.3897058823529,520.5955882352941,1108.0,1.6974909129698423,321.41911764705884,1933.7745098039215,1419.6225490196077,True,Vsx1_3_b2,Vsx1 GOF,-0.3490323835514496,-0.8510254840685432,-8.375650806615207,-100,800
104,41.332129963898915,769.4139590854393,580.8098676293622,1036.0,1.4685929926644574,293.4332129963899,2032.006016847172,966.2972322503008,True,Vsx1_3_b2,Vsx1 GOF,-0.12011641313699284,-0.8577437926216711,-10.383622621410739,-100,800
105,43.038203753351205,147.51876675603216,496.5080428954424,1907.0,1.4734727008965867,288.7526809651475,1185.1293565683645,946.6856568364611,True,Vsx1_3_b2,Vsx1 GOF,-0.26759244480537014,0.9342083591873782,11.246882861484501,-100,800
106,42.05896226415094,289.53419811320754,665.183962264151,1113.0,1.4665235126496108,270.07783018867923,1872.245283018868,1907.4091981132076,True,Vsx1_3_b2,Vsx1 GOF,0.33218429080621026,0.494600421909692,-2.0282765838613246,-100,800
107,41.63466334164588,634.5037406483791,563.2892768079801,1054.0,1.57787638694844,265.3703241895262,1645.930174563591,1380.0162094763093,True,Vsx1_3_b2,Vsx1 GOF,-0.14921414243278053,-0.4691592362133574,-5.79847337125249,-100,800
108,42.94025157232704,659.979035639413,590.1247379454927,1236.0,1.295871439410133,326.44444444444446,2123.7327044025155,1779.317610062893,True,Vsx1_3_b2,Vsx1 GOF,-0.05431057517866289,-0.5474421150307865,-6.5236022245777665,-100,800
109,42.42690058479532,675.7163742690059,635.1359649122807,897.0,1.4262048549459614,281.08040935672517,2503.6388888888887,1846.127192982456,True,Vsx1_3_b2,Vsx1 GOF,0.11180820832091709,-0.6014867530863652,-9.763388107980122,-100,800
110,41.889627659574465,725.2300531914893,497.8045212765957,997.0,1.392534165296749,273.7938829787234,1908.3563829787233,1016.3989361702128,True,Vsx1_3_b2,Vsx1 GOF,-0.4223456074894567,-0.7147731891715405,-4.418361564556738,-100,800
111,41.30306748466258,749.6184049079754,536.9754601226994,1005.0,1.342428451098233,288.25398773006134,1829.5374233128834,2451.6184049079757,True,Vsx1_3_b2,Vsx1 GOF,-0.2807588309617396,-0.7923121086421582,-7.644847666535507,-100,800
112,43.48240469208211,156.0982404692082,621.2507331378299,1184.0,1.3447825211813067,318.31378299120234,1876.9853372434018,1924.4530791788857,True,Vsx1_3_b2,Vsx1 GOF,0.20280784213463154,0.8842673642023282,5.008414906737844,-100,800
113,42.54156479217604,203.87163814180929,759.2371638141809,1053.0,1.6248236995484944,286.0843520782396,912.8765281173594,831.9792176039119,True,Vsx1_3_b2,Vsx1 GOF,0.712311791763909,0.7198803807748244,-4.279852281451226,-100,800
114,41.94054054054054,649.4324324324324,534.390990990991,828.0,1.559716664759718,267.2,1444.0486486486486,1544.9153153153154,True,Vsx1_3_b2,Vsx1 GOF,-0.2627798122809243,-0.5059029468009641,-4.368302894294159,-100,800
115,42.22529224229543,698.4346439957492,588.9681190223167,1123.0,1.4133520831171333,271.4665249734325,1557.5441020191286,1070.0520722635495,True,Vsx1_3_b2,Vsx1 GOF,-0.06944277799246512,-0.6569016217631769,-8.139371756537692,-100,800
116,42.92867332382311,702.7146932952925,522.4436519258203,874.0,1.4054694029581827,301.51497860199714,1759.3195435092725,1105.7075606276746,True,Vsx1_3_b2,Vsx1 GOF,-0.3225697619498781,-0.6556193546961999,-4.095243001433106,-100,800
117,43.035885167464116,738.8552631578947,532.0466507177033,1020.0,1.3425680909404705,321.438995215311,1760.2368421052631,2273.278708133971,True,Vsx1_3_b2,Vsx1 GOF,-0.2961358046299811,-0.7607315897481518,-5.390129628897302,-100,800
118,43.18872549019608,738.7855392156863,593.9865196078431,1001.0,1.3862312013297657,277.6764705882353,1868.925245098039,1746.6029411764705,True,Vsx1_3_b2,Vsx1 GOF,-0.06138058451766659,-0.7731664015045197,-8.447087680524206,-100,800
119,42.94500723589002,778.357452966715,349.1765557163531,916.0,1.4340393852197655,294.18668596237336,2054.2662807525326,1546.4674384949349,True,Vsx1_3_b2,Vsx1 GOF,-1.0,-0.8362022286842503,3.011951068372939,-100,800
120,44.9002284843869,165.6009139375476,701.5696877380045,1749.0,1.6844744003436687,299.76770753998477,1478.4204112718965,834.3465346534654,True,Vsx1_3_b2,Vsx1 GOF,0.5048046061329576,0.8406636522753674,2.0220220902785195,-100,800
121,44.00888888888889,174.34962962962962,615.805925925926,930.0,1.6720436745629288,335.1259259259259,2374.0696296296296,961.8133333333334,True,Vsx1_3_b2,Vsx1 GOF,0.17723858611400778,0.8332433996517818,5.359757947993263,-100,800
122,44.0876993166287,289.7164009111617,678.4783599088838,1047.0,1.4312701022765326,317.55694760820046,2169.2870159453305,2133.723234624146,True,Vsx1_3_b2,Vsx1 GOF,0.3828952694954153,0.4912049103070306,-0.6967129824708622,-100,800
123,43.17338217338217,664.8974358974359,566.2808302808303,1418.0,1.4826021904885818,319.8742368742369,2033.2588522588524,1185.6764346764346,True,Vsx1_3_b2,Vsx1 GOF,-0.1459748165056547,-0.5566399838382295,-5.177697440562947,-100,800
124,43.87906976744186,718.2151162790698,473.20348837209303,1072.0,1.4461706776198675,310.3302325581395,1780.0,1767.070930232558,True,Vsx1_3_b2,Vsx1 GOF,-0.5132517465330273,-0.6899027309040979,-0.981293703994548,-100,800
125,43.994949494949495,747.2070707070707,601.1527777777778,1030.0,1.2753066264277677,329.2171717171717,2006.0921717171718,2748.540404040404,True,Vsx1_3_b2,Vsx1 GOF,-0.03639694945262928,-0.7987282252395597,-8.224400418193177,-100,800
126,43.68503937007874,761.3897637795276,517.3083989501313,962.0,1.3342354666274598,357.9527559055118,1694.0091863517061,1391.4422572178478,True,Vsx1_3_b2,Vsx1 GOF,-0.35807928579723314,-0.8220961091441867,-4.541640233690616,-100,800
127,44.51042944785276,765.4134969325154,570.3042944785276,977.0,1.3224238020164296,283.6552147239264,1909.6613496932516,1804.441717791411,True,Vsx1_3_b2,Vsx1 GOF,-0.15821730152527846,-0.844446546618665,-6.565858252732139,-100,800
128,44.485372340425535,772.7034574468086,450.97340425531917,969.0,1.5193480036848834,373.6595744680851,2261.6103723404253,1114.0066489361702,True,Vsx1_3_b2,Vsx1 GOF,-0.6124111790420945,-0.8409347182799171,-0.5864891075679624,-100,800
129,44.903614457831324,274.4720700985761,659.3001095290252,1107.0,1.4557904844730145,236.05366922234393,1902.565169769989,2029.8346111719607,True,Vsx1_3_b2,Vsx1 GOF,0.31458601552538434,0.5385537545009536,1.4934852471812032,-100,800
130,45.693548387096776,278.9127134724858,684.1992409867173,1271.0,1.3489805237907757,296.2703984819734,1607.719165085389,1790.3757115749527,True,Vsx1_3_b2,Vsx1 GOF,0.40785994402063186,0.5207415232972183,0.8801251767480287,-100,800
131,46.519167579408546,631.4326396495071,710.3592552026287,1107.0,1.200284784559759,245.50602409638554,1251.9671412924424,926.7458926615553,True,Vsx1_3_b2,Vsx1 GOF,0.4098489061076276,-0.4907630850229425,-8.470127927942517,-100,800
132,44.983870967741936,704.7555831265508,462.32382133995037,1156.0,1.88592743462983,275.6712158808933,1834.331265508685,1226.4193548387098,True,Vsx1_3_b2,Vsx1 GOF,-0.5505531709370324,-0.649362459895028,1.0224228458899645,-100,800
133,46.31008583690987,141.1695278969957,706.1684549356223,1471.0,1.6483400264070693,373.4796137339056,986.0064377682403,832.9774678111588,True,Vsx1_3_b2,Vsx1 GOF,0.5292413071931314,0.9093390136737032,3.802264551115207,-100,800
134,45.978079331941544,777.5177453027139,531.9321503131524,1249.0,1.596979675793134,673.5490605427975,2168.9300626304803,1003.4237995824635,True,Vsx1_3_b2,Vsx1 GOF,-0.3066818637233828,-0.871294101148036,-3.414013830139017,-100,800
135,46.14560770156438,774.2515042117931,519.2154031287605,1022.0,1.3468132622312436,423.0589651022864,1807.9651022864018,841.4368231046932,True,Vsx1_3_b2,Vsx1 GOF,-0.3539357790912543,-0.8593946235654685,-2.505755594292471,-100,800
136,45.41945288753799,788.7598784194529,443.0607902735562,591.0,1.540995353115595,268.9179331306991,1961.662613981763,2550.4072948328267,True,Vsx1_3_b2,Vsx1 GOF,-0.6466484258637526,-0.8852247589976072,0.35462528756371814,-100,800
137,45.17672413793103,790.2658045977012,539.8663793103449,948.0,1.6386516813824428,764.2126436781609,1994.1149425287356,2605.270114942529,True,Vsx1_3_b2,Vsx1 GOF,-0.280287522249152,-0.909228526602493,-4.9442831226847765,-100,800
138,46.72436604189636,134.51267916207277,556.9911797133407,1204.0,1.3058517856189162,395.59647188533626,1705.5468577728777,1334.8401323043,True,Vsx1_3_b2,Vsx1 GOF,-0.034115893150407306,0.9587012278588123,12.116513537988151,-100,800
139,48.22362385321101,639.9965596330276,642.816513761468,1069.0,1.346949904707957,293.0940366972477,2021.2029816513761,841.6869266055046,True,Vsx1_3_b2,Vsx1 GOF,0.15187113080516923,-0.501581852330123,-3.4809516186447453,-100,800
140,46.81662870159453,647.4054669703872,771.7061503416857,1143.0,1.4448241259476904,228.7653758542141,1359.9043280182232,1624.4681093394076,True,Vsx1_3_b2,Vsx1 GOF,0.637956916857291,-0.5488750391968915,-11.753263997099017,-100,800
141,45.8596256684492,746.9010695187166,514.1831550802139,995.0,1.735645170250619,331.61229946524065,2997.275401069519,2232.8997326203207,True,Vsx1_3_b2,Vsx1 GOF,-0.36550993443342095,-0.7802864832756489,-1.8461983558815331,-100,800
142,47.68895348837209,744.1642441860465,537.8764534883721,913.0,1.3284631769666393,297.29796511627904,2376.9244186046512,1739.7063953488373,True,Vsx1_3_b2,Vsx1 GOF,-0.27462691328373856,-0.7774535446309748,-1.179828087209681,-100,800
143,46.74460431654676,764.3453237410072,620.1235011990408,982.0,1.4883928362085286,278.5083932853717,2164.480815347722,2050.085131894484,True,Vsx1_3_b2,Vsx1 GOF,0.03128019020978812,-0.8517328252792554,-6.891558030269413,-100,800
144,47.343511450381676,797.0254452926208,517.8180661577608,961.0,1.3163523165775501,305.44910941475825,1533.2671755725191,1178.2404580152672,True,Vsx1_3_b2,Vsx1 GOF,-0.365288813118969,-0.9242059939756105,-1.807079456352132,-100,800
145,48.847908745247146,123.24714828897338,562.1305449936629,1039.0,1.4081211426400613,689.2382762991128,1144.8986058301648,1739.8187579214195,True,Vsx1_3_b2,Vsx1 GOF,-0.011128978578693216,0.9896319548000658,14.251888667003843,-100,800
146,47.40492957746479,274.6842723004695,628.3145539906103,1106.0,1.4424363970862377,264.456572769953,1448.8239436619717,917.2147887323944,True,Vsx1_3_b2,Vsx1 GOF,0.19758969284654593,0.5440565909861421,5.591798864622124,-100,800
147,48.07905138339921,291.0998023715415,666.2924901185771,1272.0,1.4878406331483416,254.89822134387353,1975.6205533596838,884.7391304347826,True,Vsx1_3_b2,Vsx1 GOF,0.3370957115317579,0.4894120304331977,3.8851946856656676,-100,800
148,47.12924281984334,292.30678851174935,471.789817232376,1046.0,1.454549749456327,226.69190600522194,1605.107049608355,1137.088772845953,True,Vsx1_3_b2,Vsx1 GOF,-0.4004411158813085,0.5256783109841077,12.990811626468838,-100,800
149,49.16015625,667.4583333333334,655.2252604166666,938.0,1.27049467844462,258.2864583333333,2104.9622395833335,1905.2786458333333,True,Vsx1_3_b2,Vsx1 GOF,0.1914896276536593,-0.5825642468938299,-3.8762589142450095,-100,800
150,47.704878048780486,709.2036585365854,666.3792682926829,973.0,1.274408979268498,282.3353658536585,859.5658536585366,1527.1329268292684,True,Vsx1_3_b2,Vsx1 GOF,0.22195720691769427,-0.7038604557514512,-6.951659197963852,-100,800
151,47.84146341463415,735.1056910569106,613.3848238482385,980.0,1.383170180824213,296.9769647696477,1777.2764227642276,1539.4607046070462,True,Vsx1_3_b2,Vsx1 GOF,0.014023883778649493,-0.76699864648551,-4.715724431181508,-100,800
152,48.17460317460318,747.4542124542124,561.3846153846154,1080.0,1.4217030908706814,380.1868131868132,1796.5506715506715,1287.3076923076924,True,Vsx1_3_b2,Vsx1 GOF,-0.1863639336970192,-0.7916732893625843,-1.9960686879038172,-100,800
153,47.131812420785806,760.1736375158429,581.424588086185,920.0,1.3342869404253594,311.680608365019,1968.5373891001268,1848.7908745247148,True,Vsx1_3_b2,Vsx1 GOF,-0.11413558458449669,-0.8319729140862252,-4.394282427702082,-100,800
154,47.02823529411765,796.7976470588235,531.7411764705882,553.0,1.4736588545855784,426.78352941176473,2003.2164705882353,1413.115294117647,True,Vsx1_3_b2,Vsx1 GOF,-0.31252736142893145,-0.9263670272931366,-2.837981858474657,-100,800
155,50.833667334669336,646.2014028056112,602.1412825651303,1276.0,1.3490423272108727,254.49699398797594,1710.6583166332666,1690.7024048096193,True,Vsx1_3_b2,Vsx1 GOF,-0.0034753197539352243,-0.5112167548131651,1.0783689235638296,-100,800
156,47.45652173913044,674.9260869565218,634.0652173913044,973.0,1.5796461056673794,289.8768115942029,1941.4260869565217,1054.463768115942,True,Vsx1_3_b2,Vsx1 GOF,0.10892393100337472,-0.5994259593320705,-4.666825027222828,-100,800
157,48.15684093437152,730.0489432703004,602.3025583982203,1050.0,1.3546399758532537,289.0945494994438,2121.7552836484983,1364.1979977753058,True,Vsx1_3_b2,Vsx1 GOF,-0.026514287295805294,-0.750334179337717,-3.6998131106509895,-100,800
158,49.44444444444444,147.05072463768116,700.792270531401,620.0,1.580854678953808,554.5821256038647,1213.7729468599034,1950.4468599033817,True,Vsx1_3_b2,Vsx1 GOF,0.5078413916522695,0.8933920112550326,7.063038237884694,-100,800
159,50.35166425470333,636.6266280752533,631.8422575976845,878.0,1.2608903153950735,276.8465991316932,1361.5499276410999,2280.646888567294,True,Vsx1_3_b2,Vsx1 GOF,0.1116208404713428,-0.4899024448488708,-0.7031784075251057,-100,800
160,49.6236220472441,664.1779527559055,560.2787401574803,841.0,1.4227437883635499,279.8582677165354,1562.708661417323,1904.184251968504,True,Vsx1_3_b2,Vsx1 GOF,-0.16729510191445374,-0.5538930505584838,1.591024293655674,-100,800
161,49.64807436918991,704.5484727755644,680.2231075697212,936.0,1.319750380985231,282.4754316069057,1760.2084993359895,1205.261620185923,True,Vsx1_3_b2,Vsx1 GOF,0.27606904248451447,-0.69355479771902,-5.612973921051131,-100,800
162,50.61343472750317,581.1153358681876,550.9163498098859,1124.0,1.5239504196764453,244.64385297845374,1461.87072243346,1293.5348542458808,True,Vsx1_3_b2,Vsx1 GOF,-0.17965859764280978,-0.3150024593368077,5.14238953712688,-100,800
163,51.33170731707317,740.5109756097561,509.7548780487805,992.0,1.3044628163619771,446.9329268292683,2397.5536585365853,1045.1463414634147,True,Vsx1_3_b2,Vsx1 GOF,-0.3794872513805032,-0.7615957840867535,4.006241819394091,-100,800
164,53.88351498637602,596.5170299727521,677.1457765667575,2080.0,1.5439853623175535,246.83310626702996,1482.8542234332424,1203.1702997275204,True,Vsx1_3_b2,Vsx1 GOF,0.29502895029973786,-0.38494928469333956,1.477377977415649,-100,800
165,52.368728121353556,649.3757292882148,666.512252042007,1033.0,1.4802660496959985,893.6032672112019,1447.527421236873,1353.2263710618436,True,Vsx1_3_b2,Vsx1 GOF,0.23985908205309148,-0.5335190674893012,-0.8058511478718531,-100,800
166,51.42030848329049,744.901028277635,433.96915167095113,933.0,1.4783772427617585,296.81619537275066,2342.340616966581,1742.4087403598971,True,Vsx1_3_b2,Vsx1 GOF,-0.6678547447444766,-0.7586898687224557,7.914010841668508,-100,800
167,52.69074778200253,146.3041825095057,694.2154626108999,1260.0,1.5734205668833432,364.489226869455,1048.2141951837768,977.6704689480355,True,Vsx1_3_b2,Vsx1 GOF,0.48374249259650504,0.8965963035524,10.663609515568172,-100,800
168,54.737484737484735,151.75335775335776,507.979242979243,1223.0,1.4535384501478124,365.85592185592185,1298.871794871795,960.3247863247864,True,Vsx1_3_b2,Vsx1 GOF,-0.22307239877605312,0.9188247800322458,22.22610889765366,-100,800
169,52.77437641723356,792.7721088435375,524.5045351473923,1144.0,1.4241352650404235,305.2800453514739,1539.233560090703,856.1428571428571,True,Vsx1_3_b2,Vsx1 GOF,-0.33774691263195056,-0.9138751153694172,3.374514752852689,-100,800
170,53.222921914357684,163.8287153652393,481.1649874055416,949.0,1.2812077867273788,303.9395465994962,1629.154911838791,833.455919395466,True,Vsx1_3_b2,Vsx1 GOF,-0.3282992359726813,0.8899493936888372,21.802186626548437,-100,800
171,55.33815350389322,613.9555061179088,761.0578420467185,1133.0,1.3430870198436828,252.3281423804227,1089.4671857619578,1287.2647385984428,True,Vsx1_3_b2,Vsx1 GOF,0.608457701123595,-0.4519372795842128,-1.857059806255998,-100,800
172,54.030188679245285,172.2301886792453,463.27798742138367,1179.0,1.5365959211372788,354.9270440251572,1613.9308176100628,1325.119496855346,True,Vsx1_3_b2,Vsx1 GOF,-0.39824345476874956,0.8695497415681266,23.32530954060137,-100,800
173,54.087071240105544,257.09498680738784,662.7335092348285,625.0,1.5843211495976046,284.6569920844327,1851.263852242744,1347.1055408970976,True,Vsx1_3_b2,Vsx1 GOF,0.334135788415334,0.5866951451619271,10.918393382286792,-100,800
174,55.652678571428574,287.08482142857144,702.9732142857143,1364.0,1.4245610939835571,261.0580357142857,1357.6946428571428,1015.0785714285714,True,Vsx1_3_b2,Vsx1 GOF,0.4786350302324427,0.49277490593788276,9.644975356396113,-100,800
175,56.02184707050645,552.7894736842105,563.9652432969216,1340.0,1.5834973506887626,244.4428997020854,1397.9652432969215,1339.6246276067527,True,Vsx1_3_b2,Vsx1 GOF,-0.12136801326360436,-0.2372622114878269,10.573877185969996,-100,800
176,54.59277108433735,646.1072289156626,644.6012048192771,1040.0,1.3821953581434139,295.1566265060241,2420.3120481927713,2627.0638554216866,True,Vsx1_3_b2,Vsx1 GOF,0.15815655784159754,-0.5199084802527563,2.632249004153296,-100,800
177,55.30449826989619,734.598615916955,691.4890426758939,1023.0,1.2531357646737162,283.00230680507497,1116.1361014994234,2601.070357554787,True,Vsx1_3_b2,Vsx1 GOF,0.31153887835691996,-0.7820791120960209,-1.30171457553886,-100,800
178,54.760045924225025,807.0413318025259,420.2238805970149,1104.0,1.6801133034567903,432.8966704936854,1647.1963260619978,1703.9804822043627,True,Vsx1_3_b2,Vsx1 GOF,-0.7364558670261119,-0.9335141872277797,10.40640766012898,-100,800
179,54.95021186440678,830.5476694915254,417.1917372881356,1247.0,1.3464585865575034,257.3262711864407,1240.147245762712,955.2330508474577,True,Vsx1_3_b2,Vsx1 GOF,-0.7543971020115336,-1.0,10.165453218435038,-100,800
180,56.81195335276968,152.90379008746356,692.9941690962099,994.0,1.4305444606319584,357.81049562682216,1161.3206997084549,878.1574344023323,True,Vsx1_3_b2,Vsx1 GOF,0.4780756736345595,0.8776712862962908,14.676211401275506,-100,800
181,56.14539400665927,569.9722530521642,630.1531631520533,1219.0,1.5628187028392917,260.97558268590456,1902.9422863485017,1442.1054384017757,True,Vsx1_3_b2,Vsx1 GOF,0.12471698653207985,-0.2997995788715361,6.835864336907964,-100,800
182,56.12865497076023,617.8362573099415,698.2304093567251,1133.0,1.4699091274031852,291.940350877193,1371.038596491228,1197.2315789473685,True,Vsx1_3_b2,Vsx1 GOF,0.36946653008077157,-0.4502758825357305,2.0923595118262446,-100,800
183,55.5518453427065,763.8734622144112,492.44112478031633,769.0,1.477321478985016,293.780316344464,2242.0158172231986,1361.1476274165202,True,Vsx1_3_b2,Vsx1 GOF,-0.4507405190773217,-0.8250917646419538,8.532609215198917,-100,800
184,54.605704697986575,778.0738255033557,478.38422818791946,808.0,1.4449706407840293,495.6510067114094,1689.8389261744967,1206.2197986577182,True,Vsx1_3_b2,Vsx1 GOF,-0.5081048394659877,-0.8626781882964463,7.961601188617914,-100,800
185,55.75118858954041,802.8304278922345,356.93819334389855,949.0,1.2899594889755661,439.7068145800317,1658.5594294770206,1379.6228209191759,True,Vsx1_3_b2,Vsx1 GOF,-0.9749121042871298,-0.9086819698327688,14.782305276638546,-100,800
186,60.232884727911056,134.95728496196605,587.9566998244587,2415.0,1.3851464360562749,886.7173785839673,1271.4651843183149,939.3820947922762,True,Vsx1_3_b2,Vsx1 GOF,0.08566296319899736,0.9500136083854964,23.98609482326572,-100,800
187,57.90832328106152,160.37273823884198,444.3196622436671,1198.0,1.3207260374806749,311.2303980699638,1255.5392038600723,1153.767189384801,False,Vsx1_3_b2,Vsx1 GOF,-0.4660727154364416,0.9069360878533792,28.476525063342716,-100,800
188,55.67584097859327,194.50152905198777,336.8012232415902,950.0,1.7439452425374753,325.12538226299694,1101.934250764526,1117.0229357798164,False,Vsx1_3_b2,Vsx1 GOF,-0.883332621712047,0.831623032053481,30.968340595987705,-100,800
189,57.231601731601735,600.8398268398269,661.922077922078,1216.0,1.3653523129990681,244.32251082251082,1469.9534632034631,1218.3722943722944,True,Vsx1_3_b2,Vsx1 GOF,0.2367848301090396,-0.3944595040463835,5.501055531356006,-100,800
190,56.50453172205438,638.4521651560926,633.2286002014099,1260.0,1.6862777734856953,282.7472306143001,1359.257804632427,1743.5911379657603,True,Vsx1_3_b2,Vsx1 GOF,0.11753844554716597,-0.4959002048155262,5.321945476974388,-100,800
191,56.12924281984334,766.8237597911227,465.2597911227154,915.0,1.4505269319477276,359.35770234986944,1875.0966057441253,1706.6958224543082,True,Vsx1_3_b2,Vsx1 GOF,-0.5544426130467469,-0.8280207949859708,10.444471528883488,-100,800
192,57.65119047619048,739.4238095238095,679.8333333333334,1067.0,1.4293710908503723,298.42857142857144,1410.9714285714285,1945.8857142857144,True,Vsx1_3_b2,Vsx1 GOF,0.26648604466388437,-0.7936680200653476,1.524678229141216,-100,800
193,56.83767772511848,788.2855450236967,494.37914691943126,1090.0,1.4433207505248025,373.9964454976303,1419.7618483412323,1053.9182464454977,True,Vsx1_3_b2,Vsx1 GOF,-0.44989040405017555,-0.8952653108732723,9.105167740668367,-100,800
194,58.822143698468786,785.2155477031802,522.4605418138987,1049.0,1.2382545594966212,332.9187279151943,2347.4252061248526,2163.4146054181388,True,Vsx1_3_b2,Vsx1 GOF,-0.3422582848476502,-0.8923883679195825,9.707251119762489,-100,800
195,56.598245614035086,308.92280701754385,647.0438596491229,871.0,1.8213661490955821,270.5578947368421,1657.4947368421053,1644.982456140351,True,Vsx1_3_b2,Vsx1 GOF,0.2608558084712984,0.441767294972077,12.94237303318771,-100,800
196,61.66892911010558,582.844645550528,598.4909502262443,1936.0,1.4499517298876534,315.5920060331825,1003.5844645550528,807.184766214178,True,Vsx1_3_b2,Vsx1 GOF,0.0022362428842204185,-0.33053966938188417,13.669775278265183,-100,800
197,58.38578088578089,662.7167832167833,659.2144522144522,1276.0,1.7480159710882852,313.4324009324009,1792.7389277389277,1021.7226107226107,True,Vsx1_3_b2,Vsx1 GOF,0.20966605796426396,-0.5706018985958581,5.245856093478305,-100,800
198,59.30440414507772,672.259067357513,604.7487046632124,935.0,1.2790862695827176,838.5116580310881,2471.818652849741,2311.914507772021,True,Vsx1_3_b2,Vsx1 GOF,0.0008213270802657213,-0.586813096209794,8.748048595754861,-100,800
199,58.42435424354244,697.8671586715867,699.6506765067651,1004.0,1.5073682056552156,611.2054120541205,1342.1968019680196,1008.2853628536285,True,Vsx1_3_b2,Vsx1 GOF,0.3531957271913393,-0.6791652165445095,2.3086575328369783,-100,800
200,58.00838323353293,798.8335329341318,526.6838323353294,1008.0,1.3789857843267226,320.6383233532934,1755.5592814371257,1754.3868263473055,True,Vsx1_3_b2,Vsx1 GOF,-0.33016814953267715,-0.9320484149125803,8.33523066450537,-100,800
201,60.054811205846526,662.2411693057247,644.5383678440926,1114.0,1.713144959335941,315.66869671132764,1529.4202192448233,1725.5895249695493,True,Vsx1_3_b2,Vsx1 GOF,0.15450255715254024,-0.5663910023320637,7.684901733320796,-100,800
202,59.62179487179487,744.3653846153846,589.3974358974359,1368.0,1.4359349841061275,325.36538461538464,1800.838827838828,838.2582417582418,True,Vsx1_3_b2,Vsx1 GOF,-0.07718980921925134,-0.7895054616063074,8.057075510472574,-100,800
203,60.59809750297265,818.8525564803805,504.0939357907253,1051.0,1.2792633952356973,1186.5588585017836,1765.6468489892984,1917.9976218787158,True,Vsx1_3_b2,Vsx1 GOF,-0.4208009247594485,-0.9847930669676693,11.59105715189571,-100,800
204,61.169633507853405,309.020942408377,646.9549738219895,1352.0,1.401284381400222,283.5434554973822,2482.164397905759,2265.6,True,Vsx1_3_b2,Vsx1 GOF,0.26135986429628666,0.4411300417372841,17.50833406548393,-100,800
205,60.311764705882354,619.7894117647058,588.2435294117647,1162.0,1.5852353076978107,300.36,1864.644705882353,1848.924705882353,True,Vsx1_3_b2,Vsx1 GOF,-0.047048415288164835,-0.43378205041855655,11.921974116966226,-100,800
206,59.75210792580101,719.6661045531197,719.3524451939292,820.0,1.55395230311423,646.7048903878583,1255.4569983136594,2019.8313659359192,True,Vsx1_3_b2,Vsx1 GOF,0.4220866770988958,-0.7455038578560811,2.0674688615170433,-100,800
207,60.509582863585116,754.4780157835401,485.55693348365276,1166.0,1.5279053974929784,478.2085682074408,1324.2446448703495,1554.0450958286358,True,Vsx1_3_b2,Vsx1 GOF,-0.47329214320361046,-0.7972810092217173,14.074064105075358,-100,800
208,60.526205450733755,769.9937106918239,563.7987421383648,1191.0,1.4519397577941506,307.22746331236897,1719.251572327044,1257.0513626834381,True,Vsx1_3_b2,Vsx1 GOF,-0.18109187809877614,-0.8575078481142901,9.64606897668683,-100,800
209,60.82388419782871,780.9601930036188,626.2569360675512,1034.0,1.4661849160683407,302.46200241254525,1372.1206272617612,1710.7503015681543,True,Vsx1_3_b2,Vsx1 GOF,0.05260893310749348,-0.901557951828857,6.430767518840858,-100,800
210,60.87154861944778,826.734693877551,417.2773109243698,1006.0,1.3561507520785134,270.5498199279712,1782.4969987995198,2133.733493397359,True,Vsx1_3_b2,Vsx1 GOF,-0.7518961987446426,-0.989621153760479,16.16791553766208,-100,800
211,62.027122641509436,307.30778301886795,633.0365566037735,1148.0,1.3937241684206052,293.5884433962264,2080.0318396226417,1075.254716981132,True,Vsx1_3_b2,Vsx1 GOF,0.20925484667173921,0.4487851789311661,19.12885977484951,-100,800
212,62.3375156838143,548.1505646173149,615.3601003764115,1010.0,1.4902657219839421,329.11543287327476,1747.2057716436636,1711.9661229611042,True,Vsx1_3_b2,Vsx1 GOF,0.07586050387176968,-0.23501359373458808,14.330534551776093,-100,800
213,61.87172413793103,774.4524137931035,517.0565517241379,937.0,1.6687447440979157,488.29793103448276,2422.3751724137933,2122.6041379310345,True,Vsx1_3_b2,Vsx1 GOF,-0.3591858399421235,-0.860819143679856,13.301184115977536,-100,800
214,62.68045977011494,733.1747126436782,719.2126436781609,1105.0,1.6003264348845256,330.03218390804597,1634.9390804597701,2531.228735632184,True,Vsx1_3_b2,Vsx1 GOF,0.4183845636205168,-0.7842698911199301,4.6602972257632596,-100,800
215,62.45066991473812,734.8233861144945,665.3130328867235,1071.0,1.5153255569447481,375.24847746650426,1672.2155907429963,1340.231425091352,True,Vsx1_3_b2,Vsx1 GOF,0.2136456626262413,-0.7779734827221367,7.184086838935249,-100,800
216,63.76548672566372,726.2817109144543,656.7050147492625,897.0,1.2355640986336671,419.8628318584071,1353.2905604719765,1419.132743362832,True,Vsx1_3_b2,Vsx1 GOF,0.183634682373641,-0.7519491061620683,9.156677064187848,-100,800
217,64.49604916593503,601.4451273046532,569.3450395083406,1562.0,1.4596322771729635,267.45654082528534,1397.1913959613696,817.5618964003512,True,Vsx1_3_b2,Vsx1 GOF,-0.11280245591826454,-0.3779193397245758,17.537996789961554,-100,800
218,64.84205518553759,773.9039010466223,525.489058039962,1261.0,1.3000398865540663,355.21313035204565,1201.1103710751665,1120.5889628924833,True,Vsx1_3_b2,Vsx1 GOF,-0.3265174316862526,-0.8612157725337333,15.84312514024397,-100,800
219,65.47755610972568,767.5423940149626,654.2443890274315,1117.0,1.6342398628338863,330.54738154613466,1184.6857855361595,1732.4725685785536,True,Vsx1_3_b2,Vsx1 GOF,0.16324785768426686,-0.8693479424570861,9.961349797690456,-100,800
220,65.26842684268426,773.6292629262927,609.5104510451046,1127.0,1.5690740132286016,616.4103410341035,1615.6314631463147,1200.4994499449945,True,Vsx1_3_b2,Vsx1 GOF,-0.007980839118260974,-0.8775876771060751,11.91954822332087,-100,800
221,64.55952380952381,786.788961038961,529.060606060606,1129.0,1.467886669549369,317.89502164502164,2133.4859307359307,800.6645021645022,True,Vsx1_3_b2,Vsx1 GOF,-0.31659377608023953,-0.8986948283496441,15.053576656925195,-100,800
222,65.6993670886076,164.46835443037975,612.1455696202531,522.0,1.5735551829120928,298.2721518987342,2022.4651898734178,2463.1803797468356,False,Vsx1_3_b2,Vsx1 GOF,0.17021402273627206,0.8604101664495691,27.451219430186374,-100,800
223,65.9703196347032,314.13812785388126,626.5627853881278,1214.0,1.533670194714413,328.97945205479454,2025.6906392694063,2037.406392694064,True,Vsx1_3_b2,Vsx1 GOF,0.18358748443838113,0.4302865195858123,23.23029251384038,-100,800
224,66.65747126436781,314.82528735632184,641.2724137931034,1161.0,1.4474157082264296,310.55632183908045,2429.594252873563,1644.8689655172413,True,Vsx1_3_b2,Vsx1 GOF,0.23926706641432238,0.425271600394173,23.136490895817893,-100,800
225,68.31720078482668,329.27599738391103,635.5487246566383,2019.0,1.3163303684485448,333.3348593852191,1549.2079790712885,982.2596468279921,True,Vsx1_3_b2,Vsx1 GOF,0.213905200553288,0.3850587239673884,24.72873219645192,-100,800
226,65.16916488222698,515.9635974304068,575.0385438972163,753.0,1.4216544957769115,293.2783725910064,1836.473233404711,1193.1627408993577,True,Vsx1_3_b2,Vsx1 GOF,-0.06750759670730311,-0.1351669573006199,20.053122057944698,-100,800
227,65.11935483870968,670.0494623655914,642.6225806451613,1199.0,1.7124890725909385,321.1172043010753,1605.6698924731184,896.4655913978495,True,Vsx1_3_b2,Vsx1 GOF,0.14604962555148804,-0.5887015852427377,12.645048560968759,-100,800
228,66.7318116975749,746.0356633380884,599.4507845934379,886.0,1.3518178604707412,801.1241084165478,1690.4051355206848,916.6776034236805,True,Vsx1_3_b2,Vsx1 GOF,-0.03820598635319683,-0.7969047279076008,14.592302111769524,-100,800
229,69.47341772151898,586.9510548523207,682.1535864978903,1767.0,1.3806127855457153,301.46160337552743,1047.0168776371308,1423.064135021097,True,Vsx1_3_b2,Vsx1 GOF,0.31960510131598285,-0.3599478579934582,17.021089463474596,-100,800
230,68.77777777777777,147.8,618.7933333333333,700.0,1.357405384804953,377.53555555555556,1701.4288888888889,1710.668888888889,False,Vsx1_3_b2,Vsx1 GOF,0.20058913986016713,0.9063750234154568,30.5968266300017,-100,800
231,68.0373665480427,154.64768683274022,622.6316725978647,766.0,1.2924650954928278,299.30249110320284,1568.0711743772242,985.8754448398577,False,Vsx1_3_b2,Vsx1 GOF,0.21310311331446719,0.8861101037839549,29.48734962806041,-100,800
232,66.56818181818181,170.12954545454545,615.9431818181819,703.0,1.4242764716344973,376.60227272727275,1823.4522727272727,916.3318181818182,False,Vsx1_3_b2,Vsx1 GOF,0.1832066802323744,0.8434077457051672,27.980091460998935,-100,800
233,68.29378531073446,371.7457627118644,535.2406779661017,1087.0,1.2981563512898329,304.7209039548023,1703.084745762712,1893.7446327683615,False,Vsx1_3_b2,Vsx1 GOF,-0.17791524786224955,0.28428959954611654,28.84347857810359,-100,800
234,68.41955445544555,539.5631188118812,609.9443069306931,1140.0,1.4424565235385776,464.1509900990099,2042.9517326732673,1478.3081683168316,True,Vsx1_3_b2,Vsx1 GOF,0.05886349707620675,-0.20990041340857102,20.898084875356744,-100,800
235,67.67826086956522,760.688198757764,629.8608695652174,993.0,1.4715024733806563,388.19503105590064,1161.673291925466,985.4236024844721,True,Vsx1_3_b2,Vsx1 GOF,0.07316168320514338,-0.8449979127293841,13.594032022270884,-100,800
236,69.99421128798842,313.8668596237337,634.2590448625181,984.0,1.7775093506131106,318.3892908827786,2075.5137481910274,1038.9811866859625,False,Vsx1_3_b2,Vsx1 GOF,0.21358957046232652,0.42916215501911803,26.855282803638236,-100,800
237,72.11578947368422,770.4452631578947,642.1042105263158,1166.0,1.2499260309909992,360.9294736842105,1784.4515789473685,1612.26,True,Vsx1_3_b2,Vsx1 GOF,0.11770461888635197,-0.8757040482730677,17.14537155166009,-100,800
238,70.4461738002594,806.1984435797665,468.95071335927366,1088.0,1.6712201386495464,1083.9481193255513,2453.3592736705577,1682.8378728923476,True,Vsx1_3_b2,Vsx1 GOF,-0.5486057790685507,-0.9423251717561204,23.561353653770844,-100,800
239,71.38919667590028,751.2506925207756,691.6980609418282,947.0,1.4680094242077801,326.11772853185596,1328.4972299168976,2408.1551246537397,True,Vsx1_3_b2,Vsx1 GOF,0.310788893132943,-0.8309678658097069,14.328926316741708,-100,800
240,74.1441753171857,793.4290657439446,628.2883506343713,1166.0,1.4292308803919969,287.34717416378317,1272.9850057670126,1054.9815455594003,True,Vsx1_3_b2,Vsx1 GOF,0.059394193628135916,-0.9386520726823403,19.3117446582944,-100,800
241,73.29837702871411,798.8776529338327,523.1822721598003,996.0,1.4381685535639683,316.05867665418225,1899.1972534332085,1146.5967540574281,True,Vsx1_3_b2,Vsx1 GOF,-0.34054562928149423,-0.9327160493311539,23.780306079254288,-100,800
242,74.9058524173028,543.3282442748092,523.5776081424937,626.0,1.5298330110574991,289.6412213740458,1360.211195928753,840.2798982188295,False,Vsx1_3_b2,Vsx1 GOF,-0.26821098168927515,-0.2035800957965065,31.757147755977627,-100,800
243,76.75370919881306,650.3338278931751,663.8813056379822,864.0,1.2659975185092947,339.98367952522256,1776.5816023738873,1430.9925816023738,True,Vsx1_3_b2,Vsx1 GOF,0.2342551704323801,-0.5377192783906755,23.651129898900404,-100,800
244,74.98842592592592,765.7013888888889,352.23148148148147,640.0,1.4437277500700694,537.5162037037037,1191.6365740740741,1376.2222222222222,False,Vsx1_3_b2,Vsx1 GOF,-0.9788470226613333,-0.8033343617500318,35.160440983151815,-100,800
245,78.12020460358056,285.4040920716113,459.6700767263427,548.0,1.446057217668317,325.69820971867006,1155.1150895140665,1546.6470588235295,False,Vsx1_3_b2,Vsx1 GOF,-0.43857681401783244,0.5453043173692886,44.73140487885121,-100,800
246,79.62972972972973,806.4324324324324,471.5391891891892,933.0,1.6751627025151667,776.204054054054,1110.5554054054055,2665.6378378378377,False,Vsx1_3_b2,Vsx1 GOF,-0.5371182730520399,-0.9442743430281293,32.58962788594103,-100,800
247,81.48191027496382,782.3010130246021,530.7178002894356,858.0,1.358588061195729,369.15918958031835,1403.0926193921853,1118.2272069464543,False,Vsx1_3_b2,Vsx1 GOF,-0.30586255325002554,-0.8876129449305807,31.974249853459582,-100,800
248,85.28353658536585,805.6112804878048,537.9573170731708,1005.0,1.8606168758878951,465.1006097560976,956.516768292683,1760.6341463414635,False,Vsx1_3_b2,Vsx1 GOF,-0.2841418724778286,-0.9559286623087032,34.811134916992295,-100,800
249,86.95300261096605,752.831592689295,471.3994778067885,966.0,1.6913872351618553,380.8368146214099,1535.911227154047,1384.219321148825,False,Vsx1_3_b2,Vsx1 GOF,-0.5214634493932389,-0.7918680792513717,41.24881714913005,-100,800
250,87.12422997946612,768.6478439425051,445.76694045174537,1172.0,1.566022702394275,390.1088295687885,1264.553388090349,2148.38295687885,False,Vsx1_3_b2,Vsx1 GOF,-0.6229248439815874,-0.8317993165411307,42.35304531129656,-100,800
251,87.7732181425486,776.304535637149,497.9697624190065,540.0,1.6193103794466541,385.414686825054,2249.099352051836,1153.3974082073435,False,Vsx1_3_b2,Vsx1 GOF,-0.4271042165663025,-0.8643422832179786,40.102957115661155,-100,800
